City_ID,City,Lat,Lng,Max Temp,Humidity,Cloudiness,Wind Speed,Country,Date
0,rikitea,-23.1203,-134.9692,79.66,75,38,19.48,PF,1675970251
1,mahesana,23.6,72.4,67.66,32,0,5.44,IN,1675970252
2,torrington,41.8007,-73.1212,45.12,71,100,5.01,US,1675970165
3,barrow,71.2906,-156.7887,-18.38,76,100,6.91,US,1675970255
4,vaini,-21.2,-175.2,77.16,94,75,1.14,TO,1675970257
5,sorland,67.667,12.6934,31.86,69,100,16.4,NO,1675970258
6,sola,-13.8833,167.55,82.31,72,73,14.45,VU,1675970259
7,albany,42.6001,-73.9662,41.05,88,100,1.99,US,1675970121
8,shimanovsk,52.0,127.7,-11.61,100,100,4.21,RU,1675970260
9,punta arenas,-53.15,-70.9167,60.82,64,0,4.61,CL,1675970053
10,hermanus,-34.4187,19.2345,71.8,77,6,14.97,ZA,1675970262
11,belmonte,-15.8631,-38.8828,83.01,57,4,8.93,BR,1675970267
12,sompeta,18.9333,84.6,70.7,80,3,5.93,IN,1675970268
13,castro,-24.7911,-50.0119,82.17,46,18,3.29,BR,1675970191
14,atuona,-9.8,-139.0333,78.94,76,14,21.12,PF,1675970272
15,tuktoyaktuk,69.4541,-133.0374,-14.8,76,100,10.36,CA,1675970273
16,bluff,-46.6,168.3333,46.8,73,65,7.65,NZ,1675970274
17,rotifunk,8.2333,-12.6833,81.28,64,8,6.02,SL,1675970275
18,tiksi,71.6872,128.8694,-39.46,98,98,4.63,RU,1675970275
19,kroya,-7.6331,109.2461,74.28,90,83,2.28,ID,1675970276
20,ozinki,51.1786,49.6769,6.04,100,98,3.58,RU,1675970277
21,ryotsu,38.0833,138.4333,36.19,62,100,10.13,JP,1675970279
22,kilindoni,-7.9139,39.6668,81.88,81,100,15.75,TZ,1675970280
23,modave,50.4461,5.2953,37.38,71,13,5.99,BE,1675970280
24,whitianga,-36.8333,175.7,61.57,78,62,6.33,NZ,1675970281
25,tasiilaq,65.6145,-37.6368,15.96,69,100,8.66,GL,1675970282
26,raga,8.4596,25.678,73.8,15,20,3.53,SS,1675970283
27,saint-philippe,-21.3585,55.7679,78.39,83,93,14.32,RE,1675970285
28,chokurdakh,70.6333,147.9167,-23.84,98,100,5.61,RU,1675970287
29,sorong,-0.8833,131.25,79.72,78,100,6.82,ID,1675970288
30,dikson,73.5069,80.5464,0.93,89,100,27.34,RU,1675970289
31,karasburg,-28.0167,18.75,83.95,20,0,6.15,NA,1675970290
32,bafoulabe,13.8065,-10.8321,93.2,11,7,2.95,ML,1675970291
33,esna,25.2934,32.554,63.66,24,100,4.56,EG,1675970292
34,rocha,-34.4833,-54.3333,86.04,41,0,14.45,UY,1675970293
35,marsh harbour,26.5412,-77.0636,74.89,60,67,13.58,BS,1675970294
36,beroroha,-21.6667,45.1667,75.38,84,100,2.33,MG,1675970295
37,ponta do sol,32.6667,-17.1,57.0,77,14,6.49,PT,1675970296
38,aklavik,68.2191,-135.0107,-23.8,76,75,8.05,CA,1675970297
39,hobart,-42.8794,147.3294,58.05,95,75,3.44,AU,1675970298
40,ushuaia,-54.8,-68.3,62.26,29,40,9.22,AR,1675970299
41,constitucion,-35.3333,-72.4167,74.05,55,21,18.3,CL,1675970077
42,bambous virieux,-20.3428,57.7575,79.05,78,40,12.66,MU,1675970303
43,hilo,19.7297,-155.09,72.28,86,75,3.44,US,1675970244
44,westonaria,-26.3191,27.6486,63.75,84,100,2.13,ZA,1675970305
45,kapaa,22.0752,-159.319,75.18,87,75,23.02,US,1675970306
46,pringsewu,-5.3582,104.9744,72.73,89,99,3.85,ID,1675970308
47,chuy,-33.6971,-53.4616,83.64,49,2,12.82,UY,1675970309
48,mar del plata,-38.0023,-57.5575,77.02,73,40,10.36,AR,1675970310
49,namibe,-15.1961,12.1522,71.2,78,73,12.68,AO,1675970311
50,markala,13.7021,-6.0659,88.79,10,0,9.6,ML,1675970312
51,busselton,-33.65,115.3333,59.68,88,0,9.33,AU,1675970313
52,puerto ayora,-0.7393,-90.3518,84.16,88,66,11.99,EC,1675970316
53,cidreira,-30.1811,-50.2056,77.65,79,64,10.04,BR,1675970318
54,marquette,46.5333,-87.6335,36.16,75,100,5.01,US,1675970318
55,alice springs,-23.7,133.8833,67.55,64,5,4.61,AU,1675970319
56,new norfolk,-42.7826,147.0587,57.7,77,100,1.12,AU,1675970320
57,naliya,23.2667,68.8333,68.16,78,0,8.5,IN,1675970322
58,fortuna,40.5982,-124.1573,57.92,73,0,1.99,US,1675970323
59,ribeira grande,38.5167,-28.7,59.4,67,75,13.8,PT,1675970323
60,kodiak,57.79,-152.4072,27.91,46,0,17.27,US,1675970324
61,partizanskoye,55.5006,94.39,1.53,98,100,2.21,RU,1675970325
62,port alfred,-33.5906,26.891,68.18,94,100,5.7,ZA,1675970326
63,nikolskoye,59.7035,30.7861,30.09,84,100,11.9,RU,1675970326
64,palmer,42.1584,-72.3287,46.81,63,100,0.0,US,1675970328
65,clyde river,70.4692,-68.5914,-30.77,68,20,9.22,CA,1675970329
66,monte alegre,-2.0078,-54.0692,83.89,73,57,5.06,BR,1675970330
67,abha,18.2164,42.5053,60.62,72,0,0.0,SA,1675970331
68,bredasdorp,-34.5322,20.0403,70.03,81,15,14.43,ZA,1675970280
69,singapore,1.2897,103.8501,78.84,87,75,6.91,SG,1675970332
70,banfora,10.6333,-4.7667,89.44,11,5,5.06,BF,1675970333
71,cape town,-33.9258,18.4232,76.91,70,0,16.11,ZA,1675970100
72,cherlak,54.155,74.8055,-5.51,96,97,7.2,RU,1675970334
73,baoro,5.6667,15.9667,75.63,17,6,4.99,CF,1675970335
74,tilichiki,60.4667,166.1,-13.32,89,100,15.3,RU,1675970337
75,torbay,47.6666,-52.7314,28.38,76,75,17.27,CA,1675970337
76,sabang,5.8933,95.3214,80.2,77,100,5.39,ID,1675970338
77,erenhot,43.6475,111.9767,20.84,76,2,10.27,CN,1675970339
78,lao cai,22.4833,103.95,68.72,80,82,2.04,VN,1675970340
79,esperance,-33.8667,121.9,61.97,80,10,8.41,AU,1675970340
80,aksu,41.1231,80.2644,29.88,66,100,0.96,CN,1675970341
81,iqaluit,63.7506,-68.5145,-23.31,61,40,11.01,CA,1675970271
82,jamestown,42.097,-79.2353,55.71,85,75,10.36,US,1675970159
83,petropavlovsk-kamchatskiy,53.0452,158.6483,-6.23,77,0,8.95,RU,1675970347
84,urumqi,43.801,87.6005,13.15,92,75,2.24,CN,1675970348
85,hlyboka,48.0897,25.9293,14.18,94,13,3.6,UA,1675970349
86,gazojak,41.1875,61.4036,22.64,47,0,11.83,TM,1675970351
87,grindavik,63.8424,-22.4338,28.87,80,75,17.27,IS,1675970352
88,itoman,26.1247,127.6694,70.57,83,75,19.57,JP,1675970354
89,port hedland,-20.3167,118.5667,84.25,84,40,12.66,AU,1675970355
90,nantucket,41.2835,-70.0995,46.54,76,100,10.36,US,1675970059
91,mabai,23.0128,104.4508,57.09,87,100,4.9,CN,1675970358
92,beloha,-25.1667,45.05,76.75,78,76,8.3,MG,1675970359
93,honiara,-9.4333,159.95,78.03,89,100,4.83,SB,1675970360
94,victoria falls,-17.9235,25.843,71.08,87,100,1.88,ZW,1675970361
95,kavaratti,10.5669,72.642,79.18,77,99,9.6,IN,1675970362
96,airai,-8.9266,125.4092,60.35,95,100,2.66,TL,1675970364
97,vao,-22.6667,167.4833,79.48,84,100,8.59,NC,1675970365
98,laguna,38.421,-121.4238,63.64,70,0,4.61,US,1675970214
99,fomboni,-12.28,43.7425,82.44,77,8,12.3,KM,1675970367
100,hithadhoo,-0.6,73.0833,81.36,71,100,7.54,MV,1675970368
101,tome,-36.6167,-72.95,72.21,56,21,11.77,CL,1675970204
102,upernavik,72.7868,-56.1549,-28.98,98,94,5.59,GL,1675970370
103,port elizabeth,-33.918,25.5701,72.32,86,20,3.44,ZA,1675970154
104,mataura,-46.1927,168.8643,46.47,75,86,1.3,NZ,1675970371
105,inyonga,-6.7167,32.0667,64.83,94,19,4.05,TZ,1675970373
106,lincoln,40.8,-96.667,37.31,79,100,31.07,US,1675970285
107,sydney mines,46.2367,-60.2177,24.78,69,75,20.71,CA,1675970375
108,saskylakh,71.9167,114.0833,-46.21,98,57,6.96,RU,1675970376
109,tahta,26.7693,31.5021,60.49,27,100,8.08,EG,1675970377
110,ugoofaaru,5.6667,73.0,80.47,74,4,7.14,MV,1675970378
111,aksarka,66.5606,67.7975,12.96,89,100,13.73,RU,1675970379
112,chimbote,-9.0853,-78.5783,77.68,70,99,10.65,PE,1675970379
113,souillac,-20.5167,57.5167,79.18,78,40,12.66,MU,1675970381
114,thompson,55.7435,-97.8558,1.89,86,69,3.78,CA,1675970108
115,gornyye klyuchi,45.25,133.5,1.99,92,100,3.49,RU,1675970384
116,evensk,61.95,159.2333,-11.92,72,24,12.71,RU,1675970386
117,tiarei,-17.5333,-149.3333,86.02,74,2,10.63,PF,1675970387
118,sao joao da barra,-21.6403,-41.0511,86.09,82,40,10.67,BR,1675970387
119,olinda,-8.0089,-34.8553,76.73,88,75,4.61,BR,1675970388
120,berlevag,70.8578,29.0864,32.0,69,0,27.63,NO,1675970391
121,aykhal,66.0,111.5,-23.96,100,100,5.75,RU,1675970394
122,khategaon,22.6,76.9167,68.58,25,8,0.94,IN,1675970395
123,pisco,-13.7,-76.2167,82.45,69,0,19.57,PE,1675970396
124,qaanaaq,77.484,-69.3632,-12.14,62,44,8.97,GL,1675970287
125,kruisfontein,-34.0033,24.7314,69.89,94,0,5.06,ZA,1675970399
126,carnarvon,-24.8667,113.6333,77.85,76,92,19.24,AU,1675970402
127,campbell river,50.0163,-125.2446,41.59,93,100,14.97,CA,1675970116
128,half moon bay,37.4636,-122.4286,65.44,62,0,3.44,US,1675970361
129,the valley,18.217,-63.0578,82.26,69,40,17.27,AI,1675970405
130,safford,32.834,-109.7076,61.72,11,0,20.71,US,1675970406
131,yellowknife,62.456,-114.3525,-3.48,77,100,5.75,CA,1675970407
132,georgetown,5.4112,100.3354,82.33,92,20,3.44,MY,1675970396
133,dondo,-19.6094,34.7431,80.11,92,91,4.27,MZ,1675970408
134,luderitz,-26.6481,15.1594,64.36,93,17,8.52,NA,1675970409
135,innisfail,-17.5333,146.0333,74.73,95,100,2.44,AU,1675970126
136,mahebourg,-20.4081,57.7,79.09,78,40,12.66,MU,1675970411
137,jackson,42.4165,-122.8345,56.44,59,0,3.44,US,1675970413
138,prado,-17.3411,-39.2208,82.0,59,32,9.89,BR,1675970414
139,tessalit,20.1986,1.0114,77.97,12,0,11.63,ML,1675970415
140,lebu,-37.6167,-73.65,66.83,73,3,12.91,CL,1675970418
141,college,64.8569,-147.8028,-15.92,72,40,0.0,US,1675970419
142,wilmington,34.2257,-77.9447,73.94,69,100,10.36,US,1675969897
143,borogontsy,62.6683,131.1683,-49.85,99,67,4.65,RU,1675970421
144,bonthe,7.5264,-12.505,78.75,78,46,4.97,SL,1675970422
145,paamiut,61.994,-49.6678,26.67,85,100,5.35,GL,1675970423
146,kaitangata,-46.2817,169.8464,48.54,75,89,4.88,NZ,1675970290
147,boyolangu,-8.1181,111.8935,75.58,88,100,3.4,ID,1675970427
148,narsaq,60.9167,-46.05,21.42,90,100,4.14,GL,1675970429
149,aripuana,-9.1667,-60.6333,78.87,87,97,3.49,BR,1675970430
150,touros,-5.1989,-35.4608,84.65,66,85,15.57,BR,1675970431
151,cockburn town,21.4612,-71.1419,77.14,77,0,22.64,TC,1675970432
152,butaritari,3.0707,172.7902,80.38,83,98,19.93,KI,1675970433
153,hobyo,5.3505,48.5268,76.3,76,57,15.55,SO,1675970434
154,sao felix do xingu,-6.6447,-51.995,86.22,65,16,1.52,BR,1675970435
155,keti bandar,24.1447,67.4497,71.65,79,0,14.38,PK,1675970436
156,loiza,18.4313,-65.8802,82.45,73,5,18.57,PR,1675970437
157,victoria,22.2855,114.1577,70.95,88,49,8.01,HK,1675970407
158,comodoro rivadavia,-45.8667,-67.5,85.86,28,0,20.71,AR,1675970439
159,ulkan,57.243,107.3223,-6.84,100,97,2.64,RU,1675970440
160,kiruna,67.8557,20.2251,27.52,80,75,17.27,SE,1675970440
161,tabou,4.423,-7.3528,80.15,84,84,7.4,CI,1675970290
162,tonantins,-2.8731,-67.8022,84.15,77,38,3.02,BR,1675970442
163,meadow lake,34.8014,-106.5436,38.86,27,36,18.5,US,1675970442
164,fort nelson,58.8053,-122.7002,13.95,78,100,2.3,CA,1675970443
165,mocorito,25.4833,-107.9167,73.2,12,91,4.0,MX,1675970444
166,mercedes,-34.6515,-59.4307,97.95,13,0,5.55,AR,1675970444
167,bajil,15.0584,43.2851,78.12,69,22,5.5,YE,1675970445
168,kondinskoye,59.6481,67.41,14.81,98,94,6.58,RU,1675970446
169,broken hill,-31.95,141.4333,77.95,20,0,11.39,AU,1675970446
170,zaterechnyy,44.7931,45.2097,3.33,98,31,2.3,RU,1675970447
171,seymchan,62.8833,152.4333,-43.04,99,75,0.98,RU,1675970448
172,amapa,1.0,-52.0,78.67,95,94,4.12,BR,1675970258
173,camacha,33.0833,-16.3333,56.62,63,40,10.36,PT,1675970450
174,geraldton,-28.7667,114.6,72.01,83,84,11.5,AU,1675970367
175,los llanos de aridane,28.6585,-17.9182,58.75,73,40,10.36,ES,1675970451
176,khandyga,62.6667,135.6,-54.09,100,72,2.24,RU,1675970452
177,beringovskiy,63.05,179.3167,-30.03,95,31,6.53,RU,1675970453
178,whakatane,-37.9585,176.9854,61.52,84,3,5.01,NZ,1675970455
179,lima,-12.0432,-77.0282,77.25,69,20,18.41,PE,1675969982
180,sao filipe,14.8961,-24.4956,68.54,83,99,10.11,CV,1675970467
181,nadym,65.5333,72.5167,0.21,97,100,8.3,RU,1675970468
182,port augusta,-32.5,137.7667,75.09,57,0,8.23,AU,1675970469
183,tura,25.5198,90.2201,59.54,63,0,3.22,IN,1675970470
184,el alto,-4.2714,-81.2147,83.86,71,16,11.99,PE,1675970452
185,sikonge,-5.6333,32.7667,66.65,85,9,3.06,TZ,1675970473
186,poum,-20.2333,164.0167,78.94,80,100,1.77,NC,1675970479
187,alexandria,31.2156,29.9553,54.32,55,89,8.41,EG,1675970431
188,pevek,69.7008,170.3133,-20.69,93,100,4.23,RU,1675970481
189,le port,-20.9373,55.2919,78.8,79,32,11.79,RE,1675970279
190,yar-sale,66.8333,70.8333,8.31,92,100,12.33,RU,1675970483
191,provideniya,64.3833,-173.3,-17.91,98,99,3.85,RU,1675970484
192,tabuk,17.4189,121.4443,65.97,86,97,3.58,PH,1675970485
193,colares,38.7992,-9.4469,60.76,61,20,15.99,PT,1675970486
194,selikhino,50.3672,137.4996,-11.31,96,100,3.71,RU,1675970490
195,komsomolskiy,40.4272,71.7189,30.92,86,75,4.61,UZ,1675970491
196,alofi,-19.0595,-169.9187,78.69,94,40,3.44,NU,1675970492
197,necochea,-38.5473,-58.7368,81.99,39,0,13.87,AR,1675970493
198,victor harbor,-35.5667,138.6167,69.51,44,0,3.31,AU,1675970494
199,obigarm,38.7173,69.7088,29.82,97,100,5.5,TJ,1675970495
200,nacala,-14.5428,40.6728,78.84,90,93,10.69,MZ,1675970497
201,zabol,32.25,67.25,37.76,51,0,19.77,AF,1675970498
202,east london,-33.0153,27.9116,70.03,82,100,3.85,ZA,1675970499
203,belyy yar,53.6039,91.3903,-0.15,99,100,2.24,RU,1675970500
204,faanui,-16.4833,-151.75,80.73,74,4,13.65,PF,1675970274
205,wangqing,43.3218,129.7634,15.03,96,100,1.25,CN,1675970502
206,beira,-19.8436,34.8389,80.69,94,20,2.3,MZ,1675970503
207,pfullingen,48.4646,9.228,30.74,76,11,7.0,DE,1675970317
208,kudahuvadhoo,2.6708,72.8944,80.44,76,76,11.34,MV,1675970505
209,san cristobal,7.7669,-72.225,71.78,48,89,5.41,VE,1675970506
210,novopokrovka,49.8425,36.5477,23.97,95,100,3.51,UA,1675970507
211,norman wells,65.282,-126.8329,-12.96,77,20,3.44,CA,1675970357
212,salalah,17.0151,54.0924,75.29,83,0,2.3,OM,1675970508
213,svetlaya,46.5389,138.3297,6.31,65,100,4.16,RU,1675970509
214,buala,-8.145,159.5921,80.02,83,100,9.04,SB,1675970510
215,hasaki,35.7333,140.8333,36.21,56,100,11.56,JP,1675970512
216,arraial do cabo,-22.9661,-42.0278,85.96,69,0,11.5,BR,1675970513
217,kieta,-6.2167,155.6333,79.38,84,100,3.49,PG,1675970513
218,bom sucesso,-21.0331,-44.7581,78.17,68,14,5.3,BR,1675970514
219,tual,-5.6667,132.75,79.86,85,100,26.35,ID,1675970515
220,nelson bay,-32.7167,152.15,69.01,94,17,5.01,AU,1675970516
221,batagay,67.6333,134.6333,-51.83,97,99,1.77,RU,1675970517
222,lagoa,39.05,-27.9833,56.16,59,98,9.93,PT,1675970519
223,yei,4.095,30.6779,76.98,26,9,3.69,SS,1675970520
224,rio grande,-32.035,-52.0986,95.11,54,0,12.21,BR,1675970521
225,novyy urengoy,66.0833,76.6333,-7.78,100,63,7.49,RU,1675970528
226,kristiansund,63.1115,7.732,36.25,55,75,34.52,NO,1675970529
227,tazmalt,36.3868,4.3989,42.51,90,45,4.83,DZ,1675970530
228,muroto,33.2833,134.15,51.82,72,100,21.18,JP,1675970531
229,ndjole,-0.1783,10.7649,79.14,87,45,3.33,GA,1675970532
230,wilmslow,53.328,-2.2315,43.0,79,100,8.05,GB,1675970533
231,darhan,49.4867,105.9228,0.23,96,100,0.81,MN,1675970535
232,samana,19.2056,-69.3369,82.62,69,40,9.22,DO,1675970536
233,dyersburg,36.0345,-89.3856,52.29,66,100,18.41,US,1675970537
234,nabire,-3.3667,135.4833,74.32,86,100,2.24,ID,1675970539
235,purranque,-40.9167,-73.1667,71.28,84,99,4.0,CL,1675970540
236,havoysund,70.9963,24.6622,34.03,86,100,11.23,NO,1675970541
237,taltal,-25.4,-70.4833,74.12,67,28,6.04,CL,1675970542
238,benito juarez,19.385,-99.165,74.95,40,40,5.99,MX,1675970543
239,saldanha,-33.0117,17.9442,73.45,90,1,12.93,ZA,1675970544
240,redlands,34.0556,-117.1825,75.24,22,0,1.01,US,1675970545
241,wajid,3.8093,43.2471,84.25,24,69,12.33,SO,1675970546
242,senneterre,48.3835,-77.2328,31.66,92,100,7.76,CA,1675970548
243,joutseno,61.118,28.5076,35.76,82,100,20.49,FI,1675970549
244,katsuura,35.1333,140.3,45.27,67,100,12.77,JP,1675970551
245,shiyan,32.6475,110.7781,37.31,93,100,2.39,CN,1675970552
246,bhachau,23.2833,70.35,69.58,42,0,7.81,IN,1675970553
247,shingu,33.7333,135.9833,43.59,74,100,6.38,JP,1675970553
248,chitose,42.8194,141.6522,8.67,92,75,2.3,JP,1675970554
249,kalabo,-14.97,22.6814,67.21,94,100,3.02,ZM,1675970555
250,tucupita,9.0622,-62.051,84.11,60,70,5.88,VE,1675970557
251,tauranga,-37.6861,176.1667,66.85,82,5,1.99,NZ,1675970558
252,kavieng,-2.5744,150.7967,81.0,76,100,2.01,PG,1675970559
253,dubbo,-32.25,148.6167,55.53,100,0,8.05,AU,1675970560
254,sarangani,5.4033,125.4636,80.4,77,100,8.19,PH,1675970560
255,kommunar,59.6206,30.39,29.73,83,100,14.03,RU,1675970561
256,lillooet,50.6856,-121.942,40.87,88,100,4.12,CA,1675970562
257,bacalar,18.6667,-88.3833,80.71,74,75,18.41,MX,1675970564
258,marzuq,14.4,46.4667,68.68,31,7,0.58,YE,1675970565
259,limoux,42.9167,2.1667,36.52,66,68,4.32,FR,1675970566
260,warrnambool,-38.3833,142.4833,57.78,89,3,4.43,AU,1675970568
261,zhanakorgan,43.9098,67.2495,18.63,66,29,13.47,KZ,1675970569
262,maroantsetra,-15.4333,49.7333,75.69,86,20,2.66,MG,1675970571
263,bilma,18.6853,12.9164,74.68,13,0,8.86,NE,1675970571
264,tuatapere,-46.1333,167.6833,46.4,80,69,4.34,NZ,1675970573
265,xiamen,24.4798,118.0819,60.85,88,75,0.0,CN,1675970573
266,teguldet,57.3064,88.1667,-23.55,100,100,1.54,RU,1675970574
267,fare,-16.7,-151.0167,81.12,71,93,14.14,PF,1675970574
268,kencong,-8.2833,113.3667,75.45,91,100,3.78,ID,1675970575
269,nanortalik,60.1432,-45.2371,27.82,89,100,16.17,GL,1675970576
270,payo,-3.7508,103.6372,70.84,82,22,1.66,ID,1675970577
271,avarua,-21.2078,-159.775,82.45,74,4,2.3,CK,1675970577
272,huarmey,-10.0681,-78.1522,77.65,73,99,11.72,PE,1675970579
273,gaimersheim,48.807,11.368,29.53,73,20,2.3,DE,1675970580
274,mayor pablo lagerenza,-19.9309,-60.7718,94.1,41,96,5.35,PY,1675970580
275,san quintin,30.4833,-115.95,67.69,27,0,4.41,MX,1675970581
276,saint-louis,16.3333,-15.0,85.64,11,100,9.82,SN,1675970582
277,meulaboh,4.1363,96.1285,76.21,90,94,5.5,ID,1675970583
278,hovd,48.0056,91.6419,2.5,80,96,3.62,MN,1675970585
279,hirado,33.3597,129.5531,45.39,93,100,14.07,JP,1675970587
280,saint-joseph,-21.3667,55.6167,77.38,82,99,12.44,RE,1675970587
281,grants,35.1473,-107.8514,34.03,25,75,17.27,US,1675970589
282,rovaniemi,66.5,25.7167,33.21,86,75,19.57,FI,1675970591
283,cherskiy,68.75,161.3,-44.05,100,99,5.64,RU,1675970592
284,ancud,-41.8697,-73.8203,63.61,79,79,10.13,CL,1675970593
285,idrinskoye,54.3708,92.1358,-7.58,100,64,2.66,RU,1675970595
286,alekseyevsk,57.8406,108.3492,0.68,100,92,1.97,RU,1675970597
287,kichera,55.9375,110.0997,7.59,96,100,3.27,RU,1675970598
288,nola,40.922,14.5329,43.93,99,100,8.12,IT,1675970599
289,agadez,19.75,10.25,72.55,15,0,6.78,NE,1675970601
290,mindelo,16.8901,-24.9804,71.15,53,20,18.41,CV,1675970602
291,krasnoselkup,65.7,82.4667,-4.76,99,79,8.7,RU,1675970603
292,lorengau,-2.0226,147.2712,79.29,87,100,15.82,PG,1675970604
293,vila,42.0304,-8.1588,40.08,75,5,4.83,PT,1675970605
294,harper,4.375,-7.7169,80.13,83,83,7.4,LR,1675970607
295,kamina,-8.7386,24.9906,64.76,92,100,3.06,CD,1675970608
296,northam,51.0333,-4.2167,36.25,73,89,5.99,GB,1675970608
297,sesheke,-17.4759,24.2968,69.06,94,100,1.88,ZM,1675970609
298,dingle,10.9995,122.6711,73.44,95,80,6.82,PH,1675970611
299,moron,-34.6534,-58.6198,99.01,35,0,3.33,AR,1675970612
300,arlit,18.7369,7.3853,81.88,12,0,10.09,NE,1675970613
301,kununurra,-15.7667,128.7333,78.78,89,100,0.0,AU,1675970614
302,rieti,42.4072,12.8592,37.13,86,88,24.16,IT,1675970618
303,carauari,-4.8828,-66.8958,81.73,86,81,2.1,BR,1675970619
304,dakar,14.6937,-17.4441,79.68,68,100,11.5,SN,1675970620
305,bethel,41.3712,-73.414,47.05,70,100,8.05,US,1675970621
306,khani,41.9563,42.9566,31.57,98,100,0.11,GE,1675970622
307,jinchang,38.4953,102.1739,28.69,42,97,3.44,CN,1675970623
308,laurel,39.0993,-76.8483,66.97,61,0,11.5,US,1675970515
309,kalmunai,7.4167,81.8167,76.64,81,100,7.9,LK,1675970625
310,asau,46.4333,26.4,11.32,86,5,5.46,RO,1675970625
311,acapulco,16.8634,-99.8901,89.42,55,0,8.05,MX,1675970627
312,oliveira,-20.6964,-44.8272,77.31,70,16,4.63,BR,1675970627
313,derzhavinsk,51.1,66.3167,-1.73,100,97,6.31,KZ,1675970629
314,yumen,40.2833,97.2,29.46,24,100,4.29,CN,1675970630
315,rohnert park,38.3396,-122.7011,63.91,66,0,1.99,US,1675970631
316,lavrentiya,65.5833,-171.0,-18.42,95,97,4.03,RU,1675970632
317,nakhodka,42.8333,132.8947,19.87,59,100,5.41,RU,1675970632
318,djibo,14.1022,-1.6306,84.74,9,0,10.56,BF,1675970633
319,baykit,61.67,96.37,-22.31,100,100,2.62,RU,1675970604
320,san patricio,28.017,-97.5169,73.26,36,0,4.5,US,1675970635
321,datong,40.0936,113.2914,20.17,89,19,0.51,CN,1675970637
322,zaltan,32.947,11.8665,55.29,54,4,16.58,LY,1675970638
323,santiago del estero,-27.7951,-64.2615,104.09,24,0,7.74,AR,1675970638
324,strezhevoy,60.7333,77.5889,-2.22,99,68,6.71,RU,1675970640
325,luanda,-8.8368,13.2343,80.6,74,40,11.5,AO,1675970428
326,booue,-0.0921,11.9385,78.91,73,88,2.3,GA,1675970641
327,saquarema,-22.92,-42.5103,86.14,81,93,8.43,BR,1675970641
328,safaga,26.7292,33.9365,61.27,54,100,11.9,EG,1675970643
329,dinguiraye,11.3,-10.7167,87.82,27,16,3.53,GN,1675970644
330,avera,33.194,-82.5271,76.55,62,100,14.61,US,1675970646
331,banda,25.4833,80.3333,62.6,35,0,5.03,IN,1675970646
332,santo antonio de jesus,-12.9689,-39.2614,87.53,45,7,11.9,BR,1675970639
333,griffith,41.5284,-87.4237,42.73,90,100,25.32,US,1675970649
334,pangnirtung,66.1451,-65.7125,-31.0,68,0,4.61,CA,1675970650
335,gueret,46.1667,1.8667,28.53,84,49,0.16,FR,1675970651
336,denpasar,-8.65,115.2167,76.71,100,75,2.3,ID,1675970449
337,dumai,1.6833,101.45,72.99,98,100,1.12,ID,1675970654
338,cabo san lucas,22.8909,-109.9124,80.62,35,75,6.91,MX,1675970655
339,la asuncion,11.0333,-63.8628,79.03,72,67,17.2,VE,1675970657
340,sangar,63.9242,127.4739,-45.96,97,42,3.67,RU,1675970657
341,abbeville,50.1,1.8333,43.48,96,100,3.36,FR,1675970390
342,opuwo,-18.0607,13.84,72.9,51,7,11.79,NA,1675970659
343,khatanga,71.9667,102.5,-47.27,99,37,3.78,RU,1675970661
344,vila franca do campo,37.7167,-25.4333,57.61,69,62,10.16,PT,1675970667
345,roald,62.5833,6.1333,34.72,75,40,27.63,NO,1675970670
346,ambilobe,-13.2,49.05,73.78,95,98,2.24,MG,1675970672
347,cap malheureux,-19.9842,57.6142,78.48,79,0,3.0,MU,1675970673
348,longyearbyen,78.2186,15.6401,19.24,79,40,6.91,SJ,1675970674
349,vacaville,38.3566,-121.9877,62.65,67,0,4.61,US,1675970677
350,areia branca,-4.9561,-37.1369,86.2,62,97,13.49,BR,1675970563
351,moree,-29.4667,149.85,66.4,75,0,6.62,AU,1675970683
352,amos,48.5669,-78.1162,30.18,91,100,6.93,CA,1675970685
353,fairbanks,64.8378,-147.7164,-15.92,74,40,0.0,US,1675970556
354,dunedin,-45.8742,170.5036,52.02,66,100,3.06,NZ,1675970687
355,wajir,1.7471,40.0573,87.66,32,6,5.95,KE,1675970689
356,saint-augustin,51.226,-58.6502,8.82,75,100,14.16,CA,1675970689
357,howard springs,-12.497,131.047,78.71,98,100,6.11,AU,1675970690
358,manggar,-2.8833,108.2667,77.86,87,24,6.31,ID,1675970692
359,mezen,65.8522,44.24,32.5,90,100,14.97,RU,1675970693
360,leningradskiy,69.3833,178.4167,-24.68,99,100,6.08,RU,1675970447
361,riyadh,24.6877,46.7219,53.74,31,100,8.34,SA,1675970401
362,atasu,48.6814,71.6433,-10.61,99,93,6.24,KZ,1675970695
363,merauke,-8.4667,140.3333,78.85,86,100,16.91,ID,1675970695
364,roebourne,-20.7833,117.1333,85.35,70,0,12.48,AU,1675970698
365,mnogovershinnyy,53.9353,139.9242,-23.91,95,35,3.8,RU,1675970698
366,evanston,42.0411,-87.6901,41.68,94,100,13.0,US,1675970631
367,ebebiyin,2.1511,11.3353,75.81,76,87,4.47,GQ,1675970699
368,beipiao,41.7919,120.7792,23.41,92,21,5.48,CN,1675970700
369,myra,45.4358,12.1348,34.14,61,0,3.44,IT,1675970701
370,calceta,-0.85,-80.1667,83.48,74,78,8.61,EC,1675970703
371,broome,42.2506,-75.833,48.65,74,40,11.5,US,1675970704
372,bonfim,3.0833,-59.95,90.03,43,88,4.43,BR,1675970707
373,revda,56.801,59.9303,21.92,87,75,13.71,RU,1675970709
374,luwuk,-0.9516,122.7875,76.42,87,100,2.48,ID,1675970711
375,paragominas,-2.9667,-47.4833,83.91,72,94,3.91,BR,1675970713
376,dicabisagan,17.0818,122.4157,74.66,86,100,3.51,PH,1675970716
377,linjiang,41.8069,126.9078,15.28,97,100,1.39,CN,1675970717
378,key biscayne,25.6937,-80.1628,81.01,73,75,19.57,US,1675970564
379,caucaia,-3.7361,-38.6531,84.15,76,75,10.36,BR,1675970724
380,tashtyp,52.7939,89.8983,0.27,100,99,0.36,RU,1675970725
381,moroni,-11.7022,43.2551,80.26,82,26,6.33,KM,1675970726
382,altamira,-3.2033,-52.2064,89.69,62,40,3.44,BR,1675970727
383,naze,28.3667,129.4833,65.32,87,100,25.01,JP,1675970729
384,price,39.5994,-110.8107,30.11,47,0,1.43,US,1675970729
385,saint-francois,46.4154,3.9054,32.95,75,0,1.14,FR,1675970730
386,itapetinga,-15.2489,-40.2478,88.93,35,8,4.05,BR,1675970732
387,lata,40.1629,-8.3327,46.87,67,2,3.98,PT,1675970733
388,sumbe,-11.2061,13.8437,76.73,80,46,9.31,AO,1675970733
389,te anau,-45.4167,167.7167,43.21,89,34,1.01,NZ,1675970734
390,humaita,-7.5061,-63.0208,76.86,88,100,1.63,BR,1675970520
391,natal,-5.795,-35.2094,86.65,70,20,16.11,BR,1675970565
392,whitley bay,55.0397,-1.4471,44.82,78,40,14.97,GB,1675970740
393,guerrero negro,27.9769,-114.0611,68.56,24,3,3.67,MX,1675970740
394,terney,45.0503,136.6092,8.65,67,100,4.16,RU,1675970741
395,solwezi,-12.1688,26.3894,61.74,96,98,4.38,ZM,1675970746
396,pacasmayo,-7.4006,-79.5714,78.91,70,88,12.19,PE,1675970747
397,svetlyy,54.675,20.1347,32.05,69,100,20.8,RU,1675970748
398,gravdal,68.1214,13.5031,31.89,93,100,3.44,NO,1675970749
399,kibala,9.1104,18.3463,82.27,10,53,5.46,TD,1675970750
400,bonavista,48.6499,-53.1147,22.12,71,100,23.04,CA,1675970753
401,vanino,49.0869,140.2543,-15.88,92,15,4.38,RU,1675970755
402,paka,4.6374,103.4368,76.93,94,35,0.0,MY,1675970756
403,seoul,37.5683,126.9778,38.77,84,100,2.3,KR,1675970687
404,todos santos,23.45,-110.2167,80.04,62,30,6.46,MX,1675970758
405,sitka,57.0531,-135.33,46.29,53,75,14.97,US,1675970759
406,korla,41.7597,86.1469,30.74,57,90,4.47,CN,1675970761
407,zyryanka,65.75,150.85,-45.29,100,63,2.01,RU,1675970762
408,west warwick,41.6969,-71.5219,47.66,66,100,10.36,US,1675970712
409,menongue,-14.6585,17.691,65.82,73,93,6.2,AO,1675970749
410,igarka,67.4667,86.5833,-4.5,96,96,12.33,RU,1675970766
411,sira,13.7453,76.9092,71.78,42,100,8.46,IN,1675970767
412,bengkulu,-3.8004,102.2655,74.52,93,78,4.88,ID,1675970767
413,praia da vitoria,38.7333,-27.0667,58.75,72,20,10.94,PT,1675970673
414,salinopolis,-0.6136,-47.3561,82.62,70,7,9.17,BR,1675970485
415,severo-kurilsk,50.6789,156.125,19.71,72,85,13.33,RU,1675970594
416,corum,40.5,34.75,17.56,90,10,3.11,TR,1675970770
417,maple creek,49.9168,-109.4848,30.25,64,72,13.8,CA,1675970772
418,arrifes,37.7667,-25.7,55.65,72,40,14.97,PT,1675970773
419,kampong thum,12.7111,104.8887,77.54,69,3,8.39,KH,1675970775
420,saint-pierre,-21.3393,55.4781,78.48,73,0,6.91,RE,1675970602
421,santa cruz,-17.8,-63.1667,89.06,66,75,14.97,BO,1675970700
422,lompoc,34.6391,-120.4579,74.01,31,0,5.75,US,1675970778
423,gayeri,12.6497,0.4931,85.1,8,5,9.69,BF,1675970780
424,veraval,20.9,70.3667,71.19,58,13,9.28,IN,1675970781
425,artyom,40.4723,50.333,32.14,60,100,22.7,AZ,1675970782
426,lujan,-34.5703,-59.105,98.13,14,0,3.42,AR,1675970782
427,kirakira,-10.4544,161.9205,79.32,85,100,4.25,SB,1675970783
428,yanam,16.7333,82.2167,66.45,89,95,1.63,IN,1675970785
429,vitim,59.4511,112.5578,4.59,98,100,0.89,RU,1675970787
430,kysyl-syr,63.8986,122.7617,-46.71,99,93,5.12,RU,1675970788
431,high prairie,55.4334,-116.4858,30.04,74,100,3.89,CA,1675970789
432,sobolevo,54.4299,31.8996,18.46,91,6,9.24,RU,1675970791
433,mount gambier,-37.8333,140.7667,55.63,91,0,5.79,AU,1675970791
434,taga,46.95,24.05,17.92,94,5,1.39,RO,1675970792
435,pauini,-7.7136,-66.9764,81.07,73,100,3.91,BR,1675970793
436,belaya kholunitsa,58.84,50.8528,24.06,94,100,10.76,RU,1675970795
437,pacific grove,36.6177,-121.9166,64.38,57,0,4.61,US,1675970796
438,saint george,37.1041,-113.5841,51.44,20,0,11.5,US,1675970797
439,charters towers,-20.1,146.2667,71.55,74,17,8.1,AU,1675970798
440,la peca,-5.6111,-78.435,86.7,44,99,3.78,PE,1675970799
441,kerema,-7.9631,145.7785,77.49,86,100,5.32,PG,1675970799
442,joensuu,62.6012,29.7632,34.29,80,100,11.5,FI,1675970609
443,hami,42.8,93.45,34.88,35,100,3.24,CN,1675970801
444,kailua,21.4022,-157.7394,75.18,81,100,16.11,US,1675970802
445,sebring,27.4956,-81.4409,86.79,62,0,13.8,US,1675970803
446,bac lieu,9.285,105.7244,76.15,84,71,13.09,VN,1675970804
447,along,28.1667,94.7667,51.71,92,84,2.1,IN,1675970805
448,tiznit,29.5833,-9.5,60.03,28,100,9.22,MA,1675970806
449,jalu,29.0331,21.5482,58.42,41,0,8.68,LY,1675970807
450,solnechnyy,50.7214,136.6319,-11.04,95,100,2.37,RU,1675970807
451,balakhonovskoye,44.7767,41.7842,5.07,95,52,7.74,RU,1675970808
452,nha trang,12.25,109.1833,71.6,90,60,4.41,VN,1675970809
453,bosaso,11.2842,49.1816,75.49,76,15,1.43,SO,1675970810
454,taoudenni,22.6783,-3.9836,73.85,12,70,13.11,ML,1675970813
455,ouadda,8.0777,22.4007,71.11,16,9,5.77,CF,1675970814
456,gazli,40.1333,63.45,26.64,45,0,10.56,UZ,1675970815
457,kaputa,-8.4689,29.6619,69.71,83,89,3.53,ZM,1675970817
458,kristiinankaupunki,62.2743,21.376,36.1,85,100,17.54,FI,1675970818
459,bisira,8.5196,-81.7115,68.63,66,99,8.59,PA,1675970818
460,nizhniy tsasuchey,50.5167,115.1333,-13.22,100,81,2.26,RU,1675970819
461,wonthaggi,-38.6044,145.5913,62.82,91,0,4.56,AU,1675970820
462,whitehorse,60.7161,-135.0538,15.82,82,100,2.3,CA,1675970821
463,zhuanghe,39.7008,122.9911,30.9,52,87,3.4,CN,1675970822
464,camacupa,-12.0167,17.4833,63.75,86,61,1.92,AO,1675970823
465,donskoye,45.4552,41.9741,6.93,93,21,6.33,RU,1675970823
466,klaksvik,62.2266,-6.589,34.72,49,100,12.08,FO,1675970824
467,mantsala,60.6609,25.2838,34.25,95,100,13.2,FI,1675970825
468,cortez,37.3489,-108.5859,35.04,43,0,18.41,US,1675970827
469,eresos,39.1667,25.9333,39.88,76,35,21.03,GR,1675970827
470,soma,39.1855,27.6094,34.75,90,18,9.66,TR,1675970829
471,shelabolikha,53.4131,82.6167,-14.98,100,89,2.08,RU,1675970830
472,koszalin,54.1944,16.1722,32.54,57,100,16.69,PL,1675970832
473,cairns,-16.9167,145.7667,78.06,97,40,9.22,AU,1675970833
474,okha,53.5739,142.9478,-25.13,99,29,9.48,RU,1675970833
475,jacksonville,30.3322,-81.6556,82.62,55,75,9.22,US,1675970182
476,vyshestebliyevskaya,45.1961,37.0181,18.01,76,3,19.75,RU,1675970835
477,adrar,20.5022,-10.0711,74.3,27,96,12.33,MR,1675970836
478,vostok,46.4856,135.8833,-8.14,93,100,3.85,RU,1675970837
479,araouane,18.9048,-3.5265,81.19,12,0,12.39,ML,1675970838
480,kahului,20.8947,-156.47,76.84,68,40,19.57,US,1675970839
481,puerto ayacucho,5.6639,-67.6236,93.43,40,90,7.4,VE,1675970840
482,saint-georges,12.0564,-61.7485,78.48,83,75,11.5,GD,1675970798
483,batemans bay,-35.7167,150.1833,65.1,94,8,3.98,AU,1675970842
484,manta,-0.95,-80.7333,87.58,62,75,14.97,EC,1675970843
485,madimba,-10.4,40.3333,78.12,88,20,12.66,TZ,1675970845
486,meget,52.415,104.0494,5.76,100,100,0.36,RU,1675970846
487,crown point,41.417,-87.3653,42.3,91,100,25.32,US,1675970631
488,henties bay,-22.116,14.2845,65.84,88,25,9.86,NA,1675970847
489,kanniyakumari,8.0833,77.5667,77.13,67,18,7.47,IN,1675970808
490,eskil,38.4017,33.4131,14.72,96,53,3.56,TR,1675970848
491,xam nua,20.4197,104.0439,59.81,88,4,1.95,LA,1675970849
492,magan,39.9683,-3.931,49.51,54,7,6.35,ES,1675970850
493,port blair,11.6667,92.75,75.24,83,40,2.3,IN,1675970850
494,kalmar,56.6616,16.3616,37.15,88,100,11.5,SE,1675970851
495,handan,36.6006,114.4678,32.76,90,6,4.38,CN,1675970852
496,rio gallegos,-51.6226,-69.2181,71.65,17,40,22.15,AR,1675970604
497,fort-shevchenko,44.5086,50.263,20.43,78,80,8.72,KZ,1675970854
498,erzin,36.9559,36.2,37.89,55,8,4.61,TR,1675970855
499,emerald,-23.5333,148.1667,65.34,80,0,10.16,AU,1675970805
500,ilulissat,69.2167,-51.1,5.02,78,75,6.91,GL,1675970857
501,kuah,6.3265,99.8432,80.58,74,20,6.91,MY,1675970858
502,hailey,43.5196,-114.3153,24.66,36,0,8.05,US,1675970800
503,bahia blanca,-38.7196,-62.2724,97.63,19,0,1.1,AR,1675970862
504,yulara,-25.2406,130.9889,79.68,20,5,5.17,AU,1675970867
505,nokaneng,-19.6667,22.2667,73.99,75,98,3.09,BW,1675970868
506,la palma,33.8464,-118.0467,81.09,24,0,5.75,US,1675970725
507,beaverlodge,55.2166,-119.4361,29.55,82,100,2.66,CA,1675970871
508,fuxin,42.0156,121.6589,25.99,94,100,7.9,CN,1675970871
509,dalen,52.6992,6.7556,40.05,86,93,5.99,NL,1675970872
510,ribeira brava,32.65,-17.0667,57.0,76,14,6.06,PT,1675970836
511,los andes,-32.8337,-70.5983,94.01,12,0,9.24,CL,1675970874
512,baiao,-2.7906,-49.6717,86.27,70,87,2.64,BR,1675970876
513,chapais,49.7834,-74.8492,11.98,83,100,7.56,CA,1675970877
514,amahai,-3.3333,128.9167,78.24,80,100,6.42,ID,1675970878
515,hofn,64.2539,-15.2082,25.23,50,100,7.7,IS,1675970879
516,manzhouli,49.6,117.4333,-13.54,100,77,4.05,CN,1675970880
517,sinjhoro,26.0303,68.809,71.6,48,0,17.65,PK,1675970880
518,maua,-23.6678,-46.4614,82.2,63,61,10.36,BR,1675970881
519,imatra,61.1719,28.7524,36.1,80,100,4.0,FI,1675970882
520,romny,50.751,33.4747,20.8,94,84,4.92,UA,1675970883
521,isangel,-19.55,169.2667,77.27,95,100,14.32,VU,1675970884
522,tolaga bay,-38.3667,178.3,61.11,85,100,13.24,NZ,1675970884
523,prainha,-1.8,-53.48,82.11,86,95,3.94,BR,1675970885
524,hamilton,39.1834,-84.5333,71.04,47,40,24.16,US,1675970886
525,inirida,3.8653,-67.9239,89.55,54,91,2.75,CO,1675970887
526,longyan,25.1072,117.0225,62.76,98,63,1.86,CN,1675970889
527,kepala batas,5.5171,100.4265,82.35,94,20,3.44,MY,1675970890
528,yabelo,4.8833,38.0833,68.67,29,13,17.63,ET,1675970896
529,kumbo,6.2,10.6667,68.07,23,41,5.17,CM,1675970897
530,zhezkazgan,47.8043,67.7144,2.08,90,100,5.37,KZ,1675970898
531,abu dhabi,24.4667,54.3667,66.31,52,0,17.27,AE,1675970898
532,talara,-4.5772,-81.2719,86.76,54,0,12.66,PE,1675970899
533,hargeysa,9.56,44.065,62.65,71,6,10.58,SO,1675970900
534,davila,18.4726,120.5763,75.24,74,100,4.52,PH,1675970901
535,khaniotis,39.9991,23.58,42.42,56,86,15.37,GR,1675970902
536,anadyr,64.75,177.4833,-32.3,68,0,13.42,RU,1675970903
537,aurdal,60.9242,9.4159,24.12,66,55,16.51,NO,1675970904
538,voh,-20.9667,164.7,75.58,94,100,3.29,NC,1675970905
539,kharp,66.8014,65.8081,12.22,97,100,4.21,RU,1675970905
540,ginir,7.1333,40.7,62.96,34,4,3.36,ET,1675970907
541,lufilufi,-13.8745,-171.5986,80.38,80,37,14.32,WS,1675970907
542,liuhe,42.2401,125.7172,19.35,88,100,3.8,CN,1675970908
543,oranjestad,12.524,-70.027,82.35,69,40,24.16,AW,1675970695
544,neepawa,50.2289,-99.4664,16.2,83,6,4.36,CA,1675970751
545,abay,49.6311,72.8539,-18.02,100,48,3.6,KZ,1675970871
